VIN,ITOT,VOUT,VDROP
1.8,+7.986318E-07,0.896529298,0.897386869
1.775,+3.272971E-07,0.896574821,0.897419518
1.75,+1.506474E-07,0.896600385,0.897389532
1.725,+4.586710E-08,0.896550628,0.897398975
1.7,-5.478046E-08,0.89656374,0.897390998
