VIN,ITOT,VOUT,VDROP
1.8,+3.138832E-03,1.69882711,0.897736245
1.775,+3.126801E-03,1.6978,0.897752936
1.75,+3.112189E-03,1.69516466,0.897715459
1.725,+3.091066E-03,1.6900176,0.897715252
1.7,+3.047866E-03,1.68017722,0.897748556
