VIN,ITOT,VOUT,VDROP
1.8,+3.126139E-03,1.54890425,0.748587716
1.775,+3.121343E-03,1.54903874,0.748614088
1.75,+3.118571E-03,1.54924787,0.748607896
1.725,+3.116334E-03,1.54945354,0.748627358
1.7,+3.114973E-03,1.54958483,0.748588609
1.675,+3.112950E-03,1.54951354,0.748595646
1.65,+3.109625E-03,1.54915104,0.748598276
1.625,+3.104506E-03,1.54812341,0.748609569
1.6,+3.094026E-03,1.54585368,0.748588042
1.575,+3.073628E-03,1.54090322,0.748614121
1.55,+3.034192E-03,1.53107554,0.748594148
