VIN,ITOT,VOUT,VDROP
1.8,+3.122962E-03,1.59918281,0.798438746
1.775,+3.120347E-03,1.59940492,0.798441848
1.75,+3.118427E-03,1.59943475,0.79843418
1.725,+3.116165E-03,1.59937811,0.798448739
1.7,+3.113013E-03,1.59896438,0.798446729
1.675,+3.107152E-03,1.59793573,0.798418582
1.65,+3.096580E-03,1.59557188,0.798452992
1.625,+3.077531E-03,1.59071974,0.798442703
1.6,+3.037137E-03,1.580637,0.798416895
