VIN,ITOT,VOUT,VDROP
1.8,+3.124767E-03,1.64950682,0.848061978
1.775,+3.122367E-03,1.64940578,0.84806273
1.75,+3.118988E-03,1.64900302,0.848086356
1.725,+3.113205E-03,1.64793535,0.848072577
1.7,+3.103819E-03,1.64538581,0.848052192
1.675,+3.081092E-03,1.64030651,0.84804902
1.65,+3.042251E-03,1.63055232,0.848068899
1.625,+2.970339E-03,1.61203151,0.848082175
