VIN,ITOT,VOUT,VDROP
1.8,+1.237078E-05,0.89565309,0.897435244
1.775,+6.859463E-06,0.896126946,0.897431644
1.75,+4.641029E-06,0.896232798,0.897419051
1.725,+3.439711E-06,0.896332977,0.897413023
1.7,+2.653531E-06,0.896353206,0.89741883
