IL,ITOT,VOUT,VDROP
5e-05,+3.072872E-04,1.98926696,1.96635488
0.0001,+3.363233E-04,1.98922635,1.9416769
0.0003,+5.304887E-04,1.98917569,1.84251364
0.0005,+7.272846E-04,1.98919885,1.74334618
0.001,+1.222571E-03,1.98911815,1.49528898
0.003,+3.205138E-03,1.98908738,0.503498818
0.005,+5.187879E-03,1.98908106,-0.488690549
0.01,+8.122054E-03,1.98935428,-1.87723668
