IL,ITOT,VOUT,VDROP
5e-05,+2.897990E-04,2.38649357,2.36666773
0.0001,+3.234607E-04,2.38645816,2.34199138
0.0003,+5.169843E-04,2.38623514,2.24288113
0.0005,+7.132560E-04,2.38614677,2.14350511
0.001,+1.206006E-03,2.38613881,1.89564134
0.003,+3.182954E-03,2.3862168,0.903704978
0.005,+5.165129E-03,2.38686603,-0.0889985541
0.01,+8.875337E-03,2.38754866,-1.87671747
