IL,ITOT,VOUT,VDROP
5e-05,+3.411917E-04,0.792748945,0.76532381
0.0001,+3.572285E-04,0.7927863,0.740387994
0.0003,+5.489020E-04,0.792817262,0.641210024
0.0005,+7.440315E-04,0.792850337,0.5420333
0.001,+1.240114E-03,0.792882029,0.29386954
0.003,+3.228173E-03,0.792917053,-0.698049721
0.005,+5.214623E-03,0.793005747,-1.68971451
0.01,+5.800676E-03,0.793753131,-1.88033183
