IL,ITOT,VOUT,VDROP
5e-05,+3.222473E-04,1.19199368,1.16575358
0.0001,+3.458861E-04,1.1920759,1.14087521
0.0003,+5.397010E-04,1.19202323,1.0416913
0.0005,+7.362938E-04,1.19203983,0.942539239
0.001,+1.231820E-03,1.192058,0.694407435
0.003,+3.215754E-03,1.19209036,-0.297517153
0.005,+5.199227E-03,1.19209637,-1.28943835
0.01,+6.568097E-03,1.19270899,-1.87927148
