IL,ITOT,VOUT,VDROP
5e-05,+3.182137E-04,1.59069361,1.56626376
0.0001,+3.420354E-04,1.59069261,1.54135612
0.0003,+5.355568E-04,1.59071828,1.44217349
0.0005,+7.320898E-04,1.59070574,1.34304623
0.001,+1.227073E-03,1.59069975,1.09491112
0.003,+3.211942E-03,1.59073977,0.102081065
0.005,+5.192979E-03,1.59078015,-0.889105233
0.01,+7.344211E-03,1.59117006,-1.87824573
