VIN,ITOT,VOUT,VDROP
3.3,+3.182268E-03,2.38622545,0.903738312
3.2,+3.132172E-03,2.38761957,0.903758052
3.1,+2.950452E-03,2.31632984,0.9037403
3.0,+2.754699E-03,2.2190277,0.903742649
2.9,+2.554964E-03,2.12166012,0.903736347
2.8,+2.354530E-03,2.02439281,0.903736953
2.7,+2.154434E-03,1.92731434,0.903739655
2.6,+1.955028E-03,1.83045918,0.903750349
2.5,+1.755888E-03,1.73393203,0.90374448
2.4,+1.557800E-03,1.63773651,0.903744244
