VDD,IDD,VREF,IREF
+0.000000E+00,-5.068036E-09,+0.000000E+00,+6.411328E-10
