VDD,IDD,VREF,IREF
+1.800000E+00,+1.290470E-04,+0.000000E+00,-1.578197E-05
