IL,ITOT,VOUT,VDROP
5e-05,+2.899468E-04,2.38653236,2.36659675
0.0001,+3.233032E-04,2.38643056,2.34189325
0.0003,+5.171341E-04,2.38624942,2.24276684
0.0005,+7.133618E-04,2.3862088,2.14339921
0.001,+1.206166E-03,2.38612189,1.89559122
0.003,+3.182813E-03,2.38624208,0.903675589
0.005,+5.164730E-03,2.38683466,-0.0890257886
0.01,+8.874762E-03,2.3875471,-1.87657099
