IL,ITOT,VOUT,VDROP
5e-05,+3.209382E-04,1.19198235,1.16573246
0.0001,+3.446620E-04,1.19199586,1.14080211
0.0003,+5.385418E-04,1.19201646,1.04165967
0.0005,+7.353042E-04,1.19204252,0.942467446
0.001,+1.230743E-03,1.19201851,0.694329871
0.003,+3.214717E-03,1.19209274,-0.29758464
0.005,+5.198087E-03,1.19210378,-1.28949116
0.01,+6.566674E-03,1.19270974,-1.87907827
