IL,ITOT,VOUT,VDROP
5e-05,+3.179355E-04,1.59073296,1.5661314
0.0001,+3.421442E-04,1.59075428,1.54124467
0.0003,+5.357676E-04,1.59074392,1.4420599
0.0005,+7.318358E-04,1.59070229,1.34293352
0.001,+1.226900E-03,1.59072372,1.09482162
0.003,+3.211364E-03,1.59073058,0.102019671
0.005,+5.192661E-03,1.59079476,-0.889139244
0.01,+7.343524E-03,1.59116703,-1.87815367
