IL,ITOT,VOUT,VDROP
5e-05,+2.899735E-04,0.792722388,0.765255119
0.0001,+3.384368E-04,0.792738531,0.740353548
0.0003,+5.368901E-04,0.792756151,0.641191163
0.0005,+7.353812E-04,0.792786411,0.542020724
0.001,+1.233244E-03,0.792825096,0.293854481
0.003,+3.222479E-03,0.792923233,-0.698087016
0.005,+5.209773E-03,0.792985064,-1.68984319
0.01,+5.796004E-03,0.793758388,-1.880061
