IL,ITOT,VOUT,VDROP
5e-05,+3.074132E-04,1.98926375,1.96630596
0.0001,+3.364133E-04,1.98924328,1.94165099
0.0003,+5.304009E-04,1.98912975,1.84249412
0.0005,+7.268958E-04,1.98914151,1.74333599
0.001,+1.222238E-03,1.98910186,1.49522232
0.003,+3.204894E-03,1.98907532,0.503418254
0.005,+5.187695E-03,1.98910156,-0.488745996
0.01,+8.121405E-03,1.98935541,-1.87719175
