VIN,ITOT,VOUT,VDROP
3.3,+3.182121E-03,2.38619326,0.903667372
3.2,+3.132452E-03,2.38763703,0.903676454
3.1,+2.951094E-03,2.31677813,0.903677116
3.0,+2.755603E-03,2.21949306,0.903673438
2.9,+2.555646E-03,2.12214093,0.903676048
2.8,+2.355204E-03,2.0248776,0.903669941
2.7,+2.155204E-03,1.92777836,0.903655635
2.6,+1.955773E-03,1.83093618,0.903654585
2.5,+1.756815E-03,1.73442864,0.903689903
2.4,+1.558508E-03,1.63821641,0.9036861
