VIN,ITOT,VOUT,VDROP
1.8,+3.132341E-03,1.60182005,0.798386561
1.775,+3.129158E-03,1.60175086,0.798365728
1.75,+3.126737E-03,1.60168295,0.798370769
1.725,+3.124408E-03,1.60153221,0.798397497
1.7,+3.122225E-03,1.60138151,0.798384672
1.675,+3.119484E-03,1.60115347,0.798412924
1.65,+3.115709E-03,1.60048605,0.798407977
1.625,+3.107680E-03,1.59883869,0.798358953
1.6,+3.063466E-03,1.58756903,0.798402389
