VIN,ITOT,VOUT,VDROP
1.8,+3.135429E-03,1.70144839,0.897636363
1.775,+3.130344E-03,1.70107637,0.897671711
1.75,+3.126148E-03,1.70046123,0.897667085
1.725,+3.117375E-03,1.69869222,0.897666728
1.7,+3.074001E-03,1.68772051,0.89766597
