IL (A),temp (C),DC_Loop_Gain_Magnitude (dB),Phase_Margin (°),Gain_Margin (dB),GB (Hz)
0.0002,125,49.03,[56.45121747],[6.29388202],[32115072.12526118]
0.0002,27,67.33,[30.67582597],[3.78706717],[43285758.4875581]
0.0002,-55,75.12,[29.7331077],[3.61218856],[42334666.55600183]
0.0002,-180,79.55,[18.65460724],[2.6701209],[59456039.21811003]
0.2,125,32.16,[108.00561211],[21.93315728],[19575727.55560556]
0.2,27,39.66,[98.14024012],[18.72510629],[27121443.33791434]
0.2,-55,47.5,[89.99958606],[17.10646175],[30642317.32521447]
0.2,-180,51.73,[70.21988689],[14.95938725],[40954993.643272]
