VIN,ITOT,VOUT,VDROP
1.8,+3.122119E-03,1.59911608,0.798450479
1.775,+3.119924E-03,1.59924651,0.798465007
1.75,+3.117850E-03,1.59930024,0.798443502
1.725,+3.115469E-03,1.59920732,0.798448582
1.7,+3.112285E-03,1.59875991,0.798437269
1.675,+3.106234E-03,1.59769395,0.798466779
1.65,+3.095460E-03,1.59508241,0.798466987
1.625,+3.074757E-03,1.59022532,0.798410029
1.6,+3.037676E-03,1.58055171,0.798427043
