VIN,ITOT,VOUT,VDROP
1.8,+3.136073E-03,1.69866571,0.897685783
1.775,+3.121919E-03,1.69742012,0.89766644
1.75,+3.108463E-03,1.69486375,0.897691543
1.725,+3.086014E-03,1.68944396,0.897694598
1.7,+3.044131E-03,1.6794727,0.897681361
